fn1,ln1,fn2,ln2,fn3,ln3,fn4,ln4
Brett,Abarbanel,Sally M.,Gainsbury,Daniel,King,et,et al.
Marta,Severo,Amel,Feredj,Alberto,Romele,,
Andrea,Carson,Yannick,Dufresne,Aaron,Martin,,
Jing,Zeng,Chung-hong,Chan,King-wa,Fu,,
Alexander,Hudson,,,,,,
Jeff,Hemsley,Martha,Garcia-Murillo,Ian P.,MacInnes,,
Shuning,Lu,Wenhong,Chen,Xiaoqian,Li,et,et al.
Molly,Asher,Cristina,Leston-Bandeira,Viktoria,Spaiser,,
Isabele,Mitozo,Francisco Paulo,Jamil Marques,,,,
Irfan,Chaudhry,Anatoliy,Gruzd,,,,
Jeff,Hemsley,,,,,,
Simon,Lindgren,,,,,,
Fabian,Falck,Julian,Marstaller,Niklas,Stoehr,et,et al.
Margeret,Hall,Michael,Logan,Gina S.,Ligon,et,et al.
Steven,Balla,Alexander R.,Beck,William C.,Cubbison,et,et al.
Katharina,Esau,Dannica,Fleuss,Sarah-Michelle,Nienhaus,,
Libby,Hemphill,Annelise,Russell,Angela M.,Schopke-Gonzalez,,
Samantha,North,Lukasz,Piwek,Adam,Joinson,,
Joshua,Ambrosius,"Joseph M., III",Valenzano,,,,
Kevin,Coe,Christopher B.,Chapp,,,,
Kristen,Guth,Daren C.,Brabham,,,,
Susanne,Jones,Graham D.,Bodie,Lucas,Youngvorst,et,et al.
Shawna,Redden,Lou,Clark,Sarah J.,Tracy,et,et al.
Yoori,Yang,Cynthia,Stohl,,,,
Matthew,Eshbaugh-Soha,,,,,,
Jayme,Neiman,Frank J.,Gonzalez,Kevin,Wilkinson,et,et al.
Tom,van der Meer,Annemarie,Walter,Peter,Van Aelst,,
Joshua,Robison,Kevin J.,Mullinix,,,,
Joshua,Darr,,,,,,
Catie,Bailard,,,,,,
Martin,Haselmayer,Markus,Wagner,Thomas M.,Meyer,,
Stefan,Geiss,Svenja,Schaefer,,,,
Daphne,van der Pas,Wouter,van der Brug,Rens,Vliegenthart,,
Stefaan,Walgrave,Amber E.,Boydstun,Rens,Vliegenthart,et,et al.
Sebastian,Stier,Arnim,Bleier,Haiko,Lietz,et,et al.
Andrew,Gooch,,,,,,
Georgia,Kernell,P. J.,Lamberson,John,Zaller,,
David,Johann,Katharina,Kleinen-von Koenigsloew,Sylvia,Kritzinger,et,et al.
Allison,Archer,Joshua,Clinton,,,,
Mariken,Van der Velden,Gijs,Schumacher,Barbara,Vis,,
Sebastian,Hellmeier,Nils B.,Weidmann,Espen Geelmuyden,Rod,,
Matthew,Hitt,Kathleen,Searles,,,,
Fengming,Lu,Xiao,Ma,,,,
Andrew,Guess,Kevin,Munger,Jonathan,Nagler,et,et al.
Ashley,Muddiman,Shannon C.,McGregor,Natalie Jomini,Stroud,,
Tobias,Keller,Ulrike,Klinger,,,,
Petia,Kostadinova,,,,,,
Jonathan,Solis,Inaki,Sagarzazu,,,,
Raffael,Heiss,Joerg,Matthes,,,,
Samantha,Bradshaw,Philip N.,Howard,Bence,Kollanyi,et,et al.
Eric,Merkley,,,,,,
Rita,Nassar,,,,,,
Stefan,Mueller,,,,,,
Joshua,Meyer-Gutbrod,John,Woolley,,,,
Pauline,Ketelaars,Julie,Sevenans,,,,
Kerem,Yildirim,Lemi,Baruh,Ali,Carkoglu,,
Philipp,Meyer,,,,,,
Moran,Yarchi,Christian,Baden,Neta,Kligler-Vilenchik,,
Yi-Ru,Chen,Jiawei Sophia,Fu,,,,
Thomas,Poell,Rasha,Abdulla,Bernhard,Rieder,et,et al.
Lenka,Vochocova,Vaclav,Stetka,Jaromir,Mazak,,
Kelly,Quinn,Renee M.,Powers,,,,
Maurice,Vergeer,Philip Hans,Franses,,,,
Todd,Graham,Daniel,Jackson,Scott,Wright,,
Joyce,Nip,King-wa,Fu,,,,
Maria,Papadouka,Nicholas,Evangelopoulos,Gabe,Ignatow,,
Noriko,Hara,Madelyn Rose,Sanfilippo,,,,
James,Walsh,Jin Ree,Lee,,,,
Shannon,McGregor,Regina G.,Lawrence,Arielle,Cardona,,
Diogenes,Lycariao,Marcelo Alves,dos Santos,,,,
Leona,Su,Michael A.,Cacciatore,Xuan,Liang,et,et al.
Bree,McEwan,,,,,,
Andrew,Duffy,,,,,,
Marton,Bene,,,,,,
Stephen,Coleman,Rafael Cardoso,Sampaio,,,,
Rony,Medaglia,Yang,Yang,,,,
Anamaria,Segesten,Michael,Bossetta,,,,
Amber,Silver,Lindsay,Matthews,,,,
Melanie,Magin,Nicole,Podschuweit,Joerg,Hassler,et,et al.
Rebecca,Kern,Gisela,Gil-Egui,,,,
Renee,Garett,Sam,Liu,Sean D.,Young,,
Alberto,Hermida,Victor,Hernandez-Santaolalla,,,,
Peter,Chow-White,Stephan,Struve,Alberto,Lusoli,et,et al.
Gunn,Enli,Chris-Adrian,Simonsen,,,,
Rachel,Young,Melissa,Tully,Kajsa E.,Dalrymple,,
Vincent,Raynauld,Emmanuelle,Richez,Katie Boudreau,Morris,,
Logan,Molyneux,Avery,Holton,Seth C.,Lewis,,
Daphna,Yeshua-Katz,,,,,,
Wenjie,Yan,Gayathri,Sivakumar,Michael A.,Xenos,,
Philip,Habel,Ruth,Moon,Anjie,Fang,,
Philip,Pond,Jeff,Lewis,,,,
Summer,Harlow,Anna,Benbrook,,,,
Giulia,Evolvi,,,,,,
Cathy,Ure,Adam,Galpin,Anna Mary,Cooper-Ryan,et,et al.
Marco,Bastos,Dan,Mercea,,,,
Moran,Yarchi,Tal,Samuel-Azran,,,,
Judith,Moller,Damian,Trilling,Natali,Helberger,et,et al.
Raffael,Heiss,Desiree,Schmuck,Joerg,Matthes,,
Andre,Haller,Kristoffer,Holt,,,,
Sam,Mejias,Shakuntala,Banaji,,,,
Marisa,von Bulow,Luiz,Vilaca,Pedro Henrique,Abelin,,
Anat,Ben-David,Oren,Soffer,,,,
Stella,Chia,,,,,,
Gillian,Bolsover,Philip,Howard,,,,
Lei,Guo,Jacob A.,Rohde,H. Denis,Wu,,
Stefanie,Walter,Michael,Brueggemann,,,,
Stefania,Vicari,Laura,Iannelli,Elisabetta,Zurovac,,
David,Russell,Naomi J.,Spence,Kelly M.,Thames,,
Joe,Murphy,Y. Patrick,Hsieh,Michael,Wenger,et,et al.
Yiping,Xia,Josephine,Lukito,Yini,Zhang,et,et al.
Fabio,Giglietto,Augusto,Valeriani,Nicola,Righetti,et,et al.
Mahmoud,Al-Khatib,Juman K.,Al-qaoud,,,,
Lenka,Hrbkova,Alena,Mackova,,,,
Anke,Wonneberger,Iina R.,Hellsten,Sandra H. J.,Jacobs,,
Anthony,McCosker,Peter,Kamstra,Tracy,De Cotta,et,et al.
Scott,Wright,Verity,Trott,Callum,Jones,,
Jordan,McSwiney,,,,,,
Eedan,Amit-Danhi,Limor,Shifman,,,,
Daniel,Trielli,Nicholas,Diakopoulos,,,,
Miriam,Steiner,Melanie,Magin,Birgit,Stark,et,et al.
Jing,Zeng,Chung-hong,Chan,Mike S.,Schafer,,
Jessica,Boscarino,,,,,,
Ofra,Klein,Andrea L. P.,Pirro,,,,
Rachel,Mourao,Trevor,Diehl,Krishnan,Vasudevan,,
Cory,Armstrong,Kevin,Hull,Lynsey,Saunders,,
Natalie,Stroud,Joshua M.,Scacco,Alexander L.,Curry,,
Mads,Jensen,,,,,,
Momin,Malik,Jurgen,Pfeffer,,,,
Raymond,Harder,Steve,Paulussen,Peter,Van Aelst,,
Kathleen,Beckers,Raymond A.,Harder,,,,
Daniel,Bennett,,,,,,
Lily,Canter,Daniel,Brookes,,,,
Lisette,Johnston,,,,,,
Cara,Brems,Martina,Temmerman,Todd,Graham,et,et al.
Merja,Myllylahti,,,,,,
Michael,DeVito,,,,,,
Peter,English,,,,,,
Anouk,Mols,Susanne,Janssen,,,,
Einar,Thorsen,,,,,,
Karin,Wahl-Jorgensen,Lucy K.,Bennett,Jonathan,Cable,,
Kohei,Watanabe,,,,,,
Jeremy,Shermak,,,,,,
Mario,Haim,Andreas,Graefe,Hans-Bernd,Brosius,,
Xinzhi,Zhang,,,,,,
Theodora,Saridou,Lia-Paschalia,Spyridou,Andreas,Veglis,,
Susanne,Almgren,,,,,,
Dawn,Wheatley,John,O'Sullivan,,,,
Bartosz,Wilczek,Claudia,Blangetti,,,,
Matthew,Weber,Allie,Kosterich,,,,
Norman,Lewis,Stephenson,Waters,,,,
Danielle,Kilgo,Kyser,Lough,Martin J.,Riedl,,
Frank,Russell,,,,,,
Miriam,Steiner,Melanie,Magin,Birgit,Stark,,
Polly,Straub-Cook,,,,,,
Kasper,Welbers,Michael,Opgenhaffen,,,,
Rens,Vliegenthart,Mark,Boukes,,,,
Anja,Bechmann,Kristoffer L.,Nielbo,,,,
Quintus,Van Galen,Bob,Nicholson,,,,
Sanja,Kapidzic,Christoph,Neuberger,Stefan,Stieglitz,et,et al.
Rodrigo,Zamith,,,,,,
You,Li,,,,,,
Florian,Buhl,Elisabeth,Guenther,Thorsten,Quandt,,
Richard,Thomas,Stephen,Cushion,,,,
Eugenia,Mitchelstein,Victoria,Andelsman,Pablo J.,Boczkowski,,
Jonas,Kaiser,Adrian,Rauchfleisch,Nikki,Bourassa,,
Weiai,Xu,Yoonmo,Sang,Christopher,Kim,,
Susan,Vermeer,Damian,Trilling,Sanne,Kruikemeier,et,et al.
Saied,Ameli,Hamideh,Molaei,,,,
James,Bonus,Marie-Louise,Mares,,,,
Teresa,Gil-Lopez,Cuihua,Shen,Grace A.,Benefield,et,et al.
Jeffrey,Lane,Fanny A.,Ramirez,Katy E.,Pearce,,
Yini,Zhang,Dhavan,Shah,Jordan,Foley,et,et al.
Christine,Cook,Rianne,Conijn,Juliette,Schaafsma,et,et al.
Natalia,Aruguete,Ernesto,Calvo,,,,
W.,Bennett,Alexandra,Segerberg,Yunkang,Yang,,
Kokil,Jaidka,Alvin,Zhou,Yphtach,Lelkes,,
Jiaying,Liu,Leeann,Siegel,Laura A.,Gibson,et,et al.
Jeremy,Padgett,Johanna L.,Dunaway,Joshua P.,Darr,,
Ceren,Budak,Sharad,Goel,Justin M.,Rao,,
Arjen,Van Dalen,Claes H.,De Vreese,Erik,AlBaek,,
Magdalena,Wojcieszak,Rachid,Azrout,Claes,De Vreese,,
Matthew,Sweitzer,Hillary C.,Shulman,,,,
Caroline,Roberts,Emily,Gilbert,Nick,Allum,et,et al.
Leihan,Zhang,Jichang,Zhao,Ke,Xu,,
Teresa,Correa,Andres,Scherman,Arturo,Arriagada,,
Magdalena,Wojcieszak,Rachid,Azrout,,,,
Melissa,Johnson,Keon M.,Pettiway,,,,
Lei,Guo,Chris J.,Vargo,,,,
Sebastian,Valenzuela,Martina,Pina,Josefina,Ramirez,,
Monika,Djerf-Pierre,Adam,Shehata,,,,
Katherine,Dale,Arthur A.,Raney,Sophie H.,Janicke,et,et al.
Kevin,Coe,Robert J.,Bruce,Chelsea L.,Ratcliff,,
Nuri,Kim,,,,,,
Yan,Yan,Kim,Bissell,,,,
Travis,Dixon,,,,,,
Erina,MacGeorge,Lisa M.,Guntzviller,Sara E.,Branch,et,et al.
Jakob-Moritz,Eberl,Hajo G.,Boomgaarden,Markus,Wagner,,
Toni,van der Meer,,,,,,
Nadine,Strauss,Rens,Vliegenthart,Piet,Verhoeven,,
Drew,Margolin,David M.,Markowitz,,,,
Stuart,Soroka,Mark,Daku,Dan,Hiaeshutter-Rice,et,et al.
Lei,Guo,Chris,Vargo,,,,
Marc,Ziegele,Oliver,Quiring,Katharina,Esau,et,et al.
Jan,Kleinnijenhuis,Tilo,Hartmann,Martin,Tanis,et,et al.
Mark,Boukes,Alyt,Damstra,Rens,Vliegenthart,,
Meghan,Sobel,,,,,,
Jil,Soerensen,,,,,,
Jelle,Boumans,Rens,Vliegenthart,Hajo G.,Boomgaarden,,
Vaia,Doudaki,Angeliki,Boubouka,Lia-Paschalia,Spyridou,et,et al.
Ugur,Panayirci,Emre,Iseri,Eser,Sekercioglu,,
Laura,Jacobs,Cecil,Meeusen,Leen,d'Haenens,,
Helle,Svensson,Erik,Albaek,Arjen,van Dalen,et,et al.
Daniel,Stockemer,Mauro,Barisione,,,,
Thilo,von Pape,Sabine,Trepte,Cornelia,Mothes,,
Kohei,Watanabe,,,,,,
Stephen,Cushion,Justin,Lewis,,,,
Christiane,Grill,Hajo,Boomgaarden,,,,
Nora,Denner,Nicola,Heitzler,Thomas,Koch,,
Victor,Sampedro,F.,Javier Lopez-Ferrandez,Alvaro,Carretero,,
John,Richardson,,,,,,
Jane,Suiter,Eileen,Culloty,Derek,Greene,et,et al.
Annerose,Nisser,Nils B.,Weidmann,,,,
Peter,Jakobsson,Fredrik,Stiernstedt,,,,
Iva,Petrovova,Otto,Eibl,,,,
Stephen,Cushion,,,,,,
Lenka,Vochocova,Jana,Rosenfeldova,,,,
Ceri,Hughes,,,,,,
Dennis,Steffan,Niklas,Venema,,,,
Mervi,Pantti,Matti,Nelimarkka,Kaarina,Nikunen,et,et al.
Uta,Russmann,Markus,Hametner,Eduard,Posch,,
Burce,Celik,,,,,,
Dennis,Steffan,Niklas,Venema,,,,
Cornelius,Puschmann,Julian,Ausserhofer,Josef,Slerka,,
Marina,Urbanikova,Michal,Tkaczyk,,,,
Mathilda,Akerlund,,,,,,
D.,Wolover,,,,,,
Emily,Weinstein,Robert L.,Selman,,,,
Peter,English,,,,,,
Paula,Nitschke,Patrick,Donges,Henriette,Schade,,
Joachim,Vlieghe,Geert,Vandermeersche,Ronald,Soetaert,,
Itai,Himelboim,Kaye D.,Sweetser,Spencer F.,Tinkham,et,et al.
Ginette,Wessel,Caroline,Ziemkiewicz,Eric,Sauda,,
Jeroen,Bourgonjon,Geert,Vandermeersche,Bram,De Wever,et,et al.
Andrea,Ceron,Giovanna,d'Adda,,,,
Porismita,Borah,,,,,,
Marguerite,Barry,Gavin,Doherty,,,,
Andrew,Lindner,,,,,,
Valerie,Beaudouin,Dominique,Pasquier,,,,
Rebecca,LeFebvre,Crystal,Armstrong,,,,
Marina,Ramos-Serrano,Jorge David,Fernandez Gomez,Antonio,Pineda,,
Yukari,Seko,Stephen P.,Lewis,,,,
Yuhua,Liang,Kerk F.,Kee,,,,
Andrea,Ceron,Sergio,Splendore,,,,
Folker,Hanusch,,,,,,
Florian,Toepfl,Eunike,Piwoni,,,,
Chris,Vargo,Lei,Guo,Michelle A.,Amazeen,,
Stephen,Barnard,,,,,,
Yonghwan,Kim,Bumsoo,Kim,Youngju,Kim,et,et al.
Marius,Johnen,Marc,Jungblut,Marc,Ziegele,,
Phillip,Brooker,Julie,Barnett,John,Vines,et,et al.
Mustafa,Oz,Pei,Zheng,Gina Masullo,Chen,,
Leona,Su,Michael A.,Xenos,Kathleen M.,Rose,et,et al.
Eun,Jung,S. Shyam,Sundar,,,,
Andrew,Chadwick,Cristian,Vaccari,Ben,O'Loughlin,,
Anthony,McCosker,,,,,,
Ana,Vieira da Veiga Simao,Paula,Ferreira,Sofia Mateus,Francisco,et,et al.
Diana,Rieger,Christoph,Klimmt,,,,
John,Wihbey,Kenneth,Joseph,David,Lazer,,
Einar,Thorsen,Chindu,Sreedharan,,,,
Jeffrey,Blevins,James Jaehoon,Lee,Erin E.,McCabe,et,et al.
Hananel,Rosenberg,Menahem,Blondheim,Elihu,Katz,,
Joshua,Williams,,,,,,
Katherine,Dale,Arthur A.,Raney,Qihao,Ji,et,et al.
Callum,Jones,Verity,Trott,Scott,Wright,,
Erik,Bucy,Jordan M.,Foley,Josephine,Lukito,et,et al.
Elizabeth,Poole,Eva Haifa,Giraud,Ed,de Quincey,,
Rebekah,Larsen,,,,,,
Samantha,Shorey,Benjamin Mako,Hill,Samuel,Woolley,,
Juliana,Fernandes,Moses,Shumow,,,,
Stephen,Barnard,,,,,,
Mary,Garden,,,,,,
Mary,Bock,,,,,,
Peter,English,,,,,,
Na,Lee,Yonghwan,Kim,Jiwon,Kim,,
Idoia,Portilla,,,,,,
Ramona,Vonbun,Katharina,Kleinen-von Konigslow,Klaus,Schoenbach,,
Emma,Davies,Erin,O'Leary,John,Read,,
Sherry,Yu,,,,,,
Antonio,Ciaglia,,,,,,
Ruth,Knowles,Clare,Wilkinson,,,,
Christos,Frangonikolopoulos,Stamatis,Poulakidakos,,,,
Ahmed,Al-Rawi,,,,,,
Nel,Ruigrok,Wouter,van Atteveldt,Sarah,Gagestein,et,et al.
Yunya,Song,Tsan-Kuo,Chang,,,,
Andrew,Duffy,Shrutika,Mangharam,,,,
Miki,Tanikawa,,,,,,
Karin,Wahl-Jorgensen,Mike,Berry,Inaki,Garcia-Blanco,et,et al.
Maria,Touri,Ioanna,Kostarella,,,,
Desiree,Schmuck,Raffael,Heiss,Joerg,Matthes,et,et al.
Hilde,Van den Bulck,Steve,Paulussen,Annebeth,Bels,,
Vaia,Doudaki,Angeliki,Boubouka,Christos,Tzalavras,,
Na,Lee,Kanghui,Baek,,,,
Deana,Rohlinger,Jennifer M.,Proffitt,,,,
Lindsey,Meeks,,,,,,
Wilson,Lowrey,Zhou,Shan,,,,
Jen,Birks,,,,,,
Emily,Ehmer,Ammina,Kothari,,,,
Sarah,Chiumbu,Vasu,Reddy,Narnia,Bohler-Muller,et,et al.
Ben,Wasike,,,,,,
Teresa,Naab,Annika,Sehl,,,,
Marina,Dekavalla,,,,,,
Merel,Borger,Anita,van Hoof,Jose,Sanders,,
Jeroen,Jonkman,Damian,Trilling,Piet,Verhoeven,et,et al.
Thomas,Zerback,Johannes,Holzleitner,,,,
Gerry,Lanosga,Jason,Martin,,,,
Stephen,Cushion,Richard,Thomas,,,,
Mansup,Heo,Jaeyung,Park,,,,
Haiyan,Wang,Colin,Sparks,Huang,Yu,,
Michael,Hameleers,Linda,Bos,Claes H.,de Vreese,,
Seong,Hong,Kyong-Soo,Oh,,,,
Kathleen,Kuehn,,,,,,
Aide,Esu,Simone,Maddanu,,,,
Kathleen,Beckers,Andrea,Masini,Julie,Sevenans,et,et al.
Annett,Heft,Brigitte,Alfter,Barbara,Pfetsch,,
Melanie,Magin,,,,,,
Laura,Basu,,,,,,
Christiaan,Burggraaff,Damian,Trilling,,,,
Tim,Wood,,,,,,
Mark,Boukes,Rens,Vliegenthart,,,,
Xianwen,Kuang,Rining,Wei,,,,
Lauren,Furey,Moonhee,Cho,Tiffany L.,Mohr,,
Ulrika,Hedman,,,,,,
Bart,Cammaerts,Brooks,DeCillia,Joao Carlos,Magalhaes,,
Y.,Du,,,,,,
Yongick,Jeong,Sun Young,Lee,,,,
Stephen,Cushion,Justin,Lewis,Allaina,Kilby,,
Soomin,Seo,,,,,,
Yan,Yan Yan,Zhang,Zhang Wanjiang,,,,
Theo,Araujo,Toni G. L. A.,van der Meer,,,,
Lindsey,Blumell,Jennifer,Huemmer,,,,
Alice,Butler,,,,,,
David,Deacon,Emily,Harmer,,,,
Shannon,McGregor,,,,,,
Kathleen,Searles,Kevin K.,Banda,,,,
Eugenia,Mitchelstein,Pablo J.,Boczkowski,Victoria,Andelsman,et,et al.
Amy,Ross Arguedas,,,,,,
Andreas,Widholm,Kristina,Riegert,Anna,Roosvall,,
Uho,Ruotsalainen,Jaana,Hujanen,Mikko,Villi,,
Phil,Chamberlain,Marcus,Keppel-Palmer,Sally,Reardon,et,et al.
Ran,Duan,Serena,Miller,,,,
Satveer,Kaur-Gill,Asha Rathina,Pandi,Mohan Jyoti,Dutta,,
Michael,Serwornoo,,,,,,
Francisco,Jamil Marques,Camila,Mont'Alverne,Isabele,Mitozo,,
Jonathan,Hendrickx,Heritiana,Ranaivoson,,,,
Sora,Kim,Hyejoon,Rim,Kang Hoon,Sung,,
Mark,Boukes,Natalie P.,Jones,Rens,Vliegenthart,,
Nora,Denner,Thomas,Koch,Stephanie,Senger,,
Lore,Hayek,Uta,Russmann,,,,
Joost,van Spanje,Rachid,Azrout,,,,
Mohamad,Elmasry,Mohammed,el-Nawawy,,,,
Tomasz,Gackowski,Karolina,Brylska,,,,
Clara,Juarez Miro,,,,,,
Elai,Rettig,Eli,Avraham,,,,
Sallie,Hughes,Claudia,Mellado,,,,
Stephen,Cushion,Richard,Thomas,Allaina,Kilby,et,et al.
Orlanda,Ward,,,,,,
Michael,Jensen,,,,,,
Jakob-Moritz,Eberl,Markus,Wagner,Hajo G.,Boomgaarden,,
Rodney,Ciboh,,,,,,
Martin,Scott,Mel,Bunce,Kate,Wright,,
Claudia,Mellado,Arjen,Van Dalen,,,,
Raymond,Harder,Julie,Sevenans,Peter,Van Aelst,,
Ruud,Wouters,Kirsten,Van Camp,,,,
Daniel,Hallin,Claudia,Mellado,,,,
Loes,Aaldering,Tom,van der Meer,Wouter,Van der Brug,,
Volha,Kananovich,,,,,,
William,Allen,Scott,Blinder,,,,
Jacob,Ørmen,,,,,,
Stefanie,Walter,,,,,,
Christina,Koehler,Pablo B.,Jost,,,,
Fabian,Neuner,Stuart N.,Soroka,Christopher,Wlezien,,
Annemarie,Walter,Cees,van der Eijk,,,,
Ben,Gaskins,Jason,Barabas,Jennifer,Jerit,,
Danielle,Kilgo,Summer,Harlow,,,,
Joan,Balcells,Albert,Padro-Solanet,,,,
Rachel,Mourao,Weiyue,Chen,,,,
Josephine,Lukito,Jiyoun,Suk,Yini,Zhang,et,et al.
Kioko,Ireri,Jimmy,Ochieng,,,,
Tomoki,Kaneko,Taka-aki,Asano,Hirofumi,Miwa,,
Lisanne,Wichgers,Laura,Jacobs,Joost,van Spanje,,
Christian,Burgers,Allison,Eden,Robin,de Jong,et,et al.
Brian,Britt,Rebecca K.,Britt,,,,
Ulrika,Hedman,,,,,,
Christian,Nuernbergk,Julia,Conrad,,,,
Lauren,Auverset,Andrew C.,Billings,,,,
Anastasia,Veneti,Achilleas,Karadimitriou,Stamatis,Poulakidakos,,
Kirill,Filimonov,Uta,Russmann,Jakob,Svensson,,
John,McArthur,Ashleigh Farley,White,,,,
Itai,Himelboim,Marc A.,Smith,Lee,Rainie,et,et al.
Heather,Evans,Sean,Smith,Alexis,Gonzales,et,et al.
Cathlin,Clark-Gordon,Kimberly E.,Workman,Darren L.,Linvill,,
Brandon,Miller,,,,,,
Stefania,Vicari,,,,,,
Kevin,Driscoll,Alex,Leavitt,Kristen L.,Guth,et,et al.
Rachel,Young,Stephanie,Miles,Saleem,Alhabash,,
Tanja,Schreiner,,,,,,
Ben,Light,Peta,Mitchell,Patrik,Wikstrom,,
Jordan,Eschler,Amanda,Menking,,,,
Andrew,Ross,Damian J.,Rivers,,,,
Jill,Hopke,Luis E.,Hestres,,,,
Nir,Nave,Limor,Shifman,Keren,Tenenboim-Weinblatt,,
Patricia,Rossini,Jeff,Hemsley,Sikana,Tanupabrungsun,et,et al.
Ju-Sung,Lee,Adina,Nerghes,,,,
Carsten,Schwemmer,Sandra,Ziewiecki,,,,
Yong,Park,S. Mo,Jang,Hoon,Lee,et,et al.
Sean,Eddington,,,,,,
Azi,Lev-On,,,,,,
Mia,Moody-Ramirez,Andrew B.,Church,,,,
David,O'Connel,,,,,,
Ali,Padyab,Tero,Paivarinta,Anna,Stahlbrost,et,et al.
Stuart,Turnbull-Dugarte,,,,,,
Anna,Gibson,,,,,,
Chang,Park,Barbara K.,Kaye,,,,
Patrick,Rafail,Isaac,Freitas,,,,
Gina,Chen,Martin J.,Riedl,Jeremy L.,Shermak,et,et al.
Abdulsamad,Sahly,Chun,Shao,K. Hazel,Kwon,,
Ursula,Lutzky,Robert,Lawson,,,,
Marco,Bastos,Johan,Farkas,,,,
Kelly,Quinn,Dmitry,Epstein,Brenda,Moon,,
Logan,Molyneux,,,,,,
Marisa,Schlichthorst,Kylie,King,Lennart,Reifels,et,et al.
Paolo,Gerbaudo,Federico,Marogna,Chiara,Alzetta,,
Olivia,Johnson,Adrienne,Hall-Phillips,Te-Lin (Doreen),Chung,et,et al.
Alireza,Karduni,Eric,Sauda,,,,
Lars,Guenther,Georg,Ruhrmann,Jenny,Bischoff,et,et al.
Yaguang,Zhu,Mengfei,Guan,Erin,Donovan,,
Ganna,Kostygina,Hy,Tran,Steven,Binns,et,et al.
Kevin,Coe,Rachel Alicia,Griffin,,,,
Seamus,Ryan,Dean,McDonnell,,,,
Jianing,Li,Min-Hsin,Su,,,,
Sefa,Ozalp,Matthew L.,Williams,Pete,Burnap,et,et al.
Nancy,Baym,Kelly B.,Wagman,Christopher J.,Persaud,,
Zaida,Orth,Michelle,Andipatin,Ferdinand C.,Mukumbang,et,et al.
Floor,Fiers,,,,,,
Neta,Kligler-Vilenchik,Christian,Baden,Moran,Yarchi,,
Gillian,Bolsover,,,,,,
Annett,Heft,Eva,Mayerhoffer,Susanne,Reinhardt,et,et al.
Hans,Kepplinger,Richard,Lemke,,,,
Debby,Vos,Peter,Van Aelst,,,,
Rens,Vliegenthart,Alyt,Damstra,,,,
Matthew,Baum,Yuri M.,Zhukov,,,,
Sina,Blassnig,Sven,Engesser,Nicole,Ernst,et,et al.
Peter,Van Aelst,Patrick,van Erkel,Evelien,D'heer,et,et al.
Christine,Ogan,Onur,Varol,,,,
Efrat,Daskal,,,,,,
Wenhong,Chen,Fangjing,Tu,Pei,Zheng,,
Nicole,Ernst,Sven,Engesser,Florin,Buchel,et,et al.
Mauro,Barisione,Asimina,Michailidou,Massimo,Airoldi,,
Larisa,Doroshenko,Tetyana,Schneider,Dmitrii,Kofanov,et,et al.
Tetyana,Lokot,,,,,,
Edda,Humprecht,,,,,,
Earvin,Cabalquinto,Cheryll Ruth R.,Soriano,,,,
Andrea,Ceron,Alessandro,Gandini,Patrizio,Lodetti,,
Motti,Neiger,Keren,Tenenboim-Weinblatt,,,,
Yannis,Theocharis,Pablo,Barbera,Zoltan,Fazekas,et,et al.
Christian,Baden,Keren,Tenenboim-Weinblatt,,,,
Summer,Harlow,Ramon,Salaverria,Danielle K.,Kilgo,et,et al.
Philipp,Mueller,Christian,Schemer,Martin,Wettstein,et,et al.
Francis,Lee,Knut,De Swert,Akiba A.,Cohen,,
Keren,Tenenboim-Weinblatt,Christian,Baden,,,,
Anne,Kroon,Alena,Kluknavska,Rens,Vliegenthart,et,et al.
Susana,Salgado,Heinz-Werner,Nienstedt,,,,
Ali,Guenduez,Kuno,Schedler,Dumitru,Ciocan,,
Gunver,Vestergaard,Kristian Hvidtfelt,Nielsen,,,,
Maria,Kyriakidou,Jose Javier Olivas,Osuna,,,,
Edda,Humprecht,Frank,Esser,,,,
Maja,Simunjak,,,,,,
Venetia,Papa,,,,,,
Miklos,Hajdu,Boroka,Papay,Zoltan,Szanto,et,et al.
Tuomas,Yla-Anttila,Juho,Vesa,Veikko,Eranti,et,et al.
Anna,Brosius,Erika J.,van Elsas,Claes H.,de Vreese,,
Vaclav,Stetka,Pawel,Surowiec,Jaromir,Mazak,,
Peter,Maurer,Trevor,Diehl,,,,
Diego,Ceccobelli,Mario,Quaranta,Augusto,Valeriani,,
Todd,Graham,Dan,Jackson,Marcel,Broersma,,
Jaroslav,Svelch,Tamah,Sherman,,,,
Silke,Adam,Thomas,Haussler,Hannah,Schmid-Petri,et,et al.
Kristof,Jacobs,Linn,Sandberg,Niels,Spierings,,
Lena,Frischlich,,,,,,
Philip,Di Salvo,Gianluigi,Negro,,,,
Claudia,Mellado,Mireya,Marquez-Ramirez,Jacques,Mick,et,et al.
Edda,Humprecht,Frank,Esser,,,,
Julia,Lueck,Hartmut,Wessler,Antal,Wozniak,et,et al.
Johannes,Kaiser,Katharina,Kleinen-von Koenigsloew,,,,
Elad,Segev,,,,,,
Keren,Tenenboim-Weinblatt,Motti,Neiger,,,,
Susanne,Fengler,Marcus,Kreutler,Matilda,Alku,et,et al.
Damian,Guzek,,,,,,
Olesya,Venger,,,,,,
Miki,Tanikawa,,,,,,
Na,Lee,,,,,,
Saif,Shahin,Pei,Zheng,Heloisa Aruth,Sturm,et,et al.
Hartmut,Wessler,Antal,Wozniak,Lutz,Hofer,et,et al.
Paolo,Mancini,Marco,Mazzoni,Alessio,Cornia,et,et al.
Sandrine,Boudana,Elad,Segev,,,,
Anne,Kroon,Rens,Vliegenthart,Martine,van Selm,,
Alon,Zoizner,Tamir,Sheafer,Stefaan,Walgrave,,
Katjana,Gattermann,,,,,,
Rodney,Benson,Timothy,Neff,Mattias,Hesserus,,
Martin,Wettstein,Frank,Esser,Anne,Schulz,et,et al.
Randolph,Kluver,Skye,Cooley,Robert,Hinck,,
Giuliano,Bobba,Cristina,Cremonesi,Moreno,Mancosu,et,et al.
Dominique,Wirz,Martin,Wettstein,Anne,Schulz,et,et al.
A.,Jansen,Beatrice,Eugster,Michaela,Maier,et,et al.
Nicole,Ernst,Frank,Esser,Sina,Blassnig,et,et al.
Jeroen,Jonkman,Mark,Boukes,Rens,Vliegenthart,,
Mireya,Marquez-Ramirez,Claudia,Mellado,Maria,Luisa Humanes,et,et al.
Claudia,Mellado,Cornelia,Mothes,Daniel C.,Hallin,et,et al.
Tobias,Rohrbach,Stephanie,Fiechtner,Philomen,Schonhagen,et,et al.
Fabio,Giglietto,Yenn,Lee,,,,
Adrian,Rauchfleisch,Xenia,Artho,Julia,Metag,et,et al.
Asta,Zelenkauskaite,Marcello,Balduccini,,,,
Priya,Kumar,,,,,,
Eugenia,Siapera,Moses,Boudourides,Sergios,Lenis,et,et al.
Nicole,Ernst,Sina,Blassnig,Sven,Engesser,et,et al.
Lisa-Maria,Neudert,Philip,Howard,Bence,Kollanyi,,
Jorge,Vazquez-Herrero,Sabela,Direito-Rebollal,Xose,Lopez-Garcia,,
Javier,Ruiz-Soler,Luigi,Curini,Andrea,Ceron,,
Edda,Humprecht,Lea,Hellmueller,Juliane A.,Lischka,,
Tamar,Mitts,,,,,,
Ryan,Brutger,Joshua D.,Kertzer,,,,
Katerina,Linos,Tom,Pegram,,,,
Deborah,Guber,Jeremiah,Bohr,Riley E.,Dunlap,,
Imrat,Verhoeven,,,,,,
Jeremiah,Bohr,,,,,,
Jingyuan,Xu,Xiaohu,Wang,Hanyu,Xiao,,
Laurence,Williams,Benjamin K.,Sovacool,,,,
Defne,Gonenc,,,,,,
Rodrigo,Cezar,,,,,,
Nicolas,Anspach,Gorana,Draguljic,,,,
Emily,Luxon,,,,,,
Shane,Gunster,Robert J.,Neubauer,,,,
Fanxu,Zeng,Jia,Dai,Jeffrey,Javed,,
Christopher,Bailey,,,,,,
Andrea,Lawlor,Timothy B.,Gravelle,,,,
Heather,Cann,Leigh,Raymon,,,,
Jason,Carmichael,Robert J.,Brulle,,,,
Jan,Karlas,,,,,,
Jen,Allan,Jennifer,Hadden,,,,
Rebecca,Willis,,,,,,
W.,Adger,Catherine,Butler,Kate,Walker-Springett,,
Eric,Bonds,,,,,,
Heather,Hodges,Galen,Stocking,,,,
Isobel,Tomlinson,,,,,,
Jeremiah,Bohr,,,,,,
Fabrizio,Gilardi,Charles R.,Shipan,Bruno,Wuest,,
Anselm,Hager,Hanno,Hilbig,,,,
James,Adams,Simon,Weschle,Christopher,Wlezien,,
Anita,Gohdes,,,,,,
Christian,Glaessel,Katrin,Paula,,,,
Jae-Hee,Jung,,,,,,
Richard,Nielsen,,,,,,
Kenneth,Benoit,Kevin,Munger,Arthur,Spirling,,
Lucy,Barnes,Timothy,Hicks,,,,
Connor,Huff,Joshua D.,Kertzer,,,,
Nicholas,Beauchamp,,,,,,
Reagan,Mozer,Luke,Miratrix,Aaron Russell,Kaufman,,
Leslie,Huang,Patrick O.,Perry,Arthur,Spirling,,
Lenka,Bustikova,David S.,Siroky,Saud,Alashri,et,et al.
Emma,Rodman,,,,,,
Ludovic,Rheault,Christopher,Cochrane,,,,
Niels,Goet,,,,,,
Kevin,Greene,Baekkwan,Park,Michael,Colaresi,,
Bryce,Dietrich,Ryan D.,Enos,Maya,Sen,,
Matthew,Denny,Arthur,Spirling,,,,
In,Kim,John,Londregan,Marc,Ratkovic,,
Andrew,Peterson,Arthur,Spirling,,,,
Derek,Greene,James P.,Cross,,,,
Benjamin,Lauderdale,Alexander,Herzog,,,,
Omar,Wasow,,,,,,
Jane,Esberg,,,,,,
Baekkwan,Park,Kevin,Greene,Michael,Colaresi,,
Beatriz,Magaloni,Edgar,Franco-Vivanco,Vanessa,Melo,,
Jennifer,Pan,Alexandra A.,Siegel,,,,
L.,Anastasopoulos,Anthony M.,Bertelli,,,,
Ramya,Parthasarathy,Vijayendra,Rao,Nethra,Palaniswamy,,
Michael,Weaver,,,,,,
Gregory,Martin,Joshua,McCrain,,,,
Azusa,Katagiri,Eric,Min,,,,
William,Hobbs,Nazita,Lajevardi,,,,
Sung,Kim,,,,,,
Hannes,Mueller,Christopher,Rauh,,,,
Jonathan,Slapin,Justin H.,Kirkland,Joseph A.,Lazzaro,et,et al.
Amy,Catalinac,,,,,,
David,Carlson,Jacob M.,Montgomery,,,,
Gary,King,Jennifer,Pan,Margaret E.,Roberts,,
Zachary,Steinert-Threlkeld,,,,,,
Ellis,Aizenberg,Moritz,Muller,,,,
Johannes,Karremans,,,,,,
Manuela,Moschella,Luca,Pinto,Nicola,Martocchia Diodati,,
Pascal,Sciarini,Anke,Tresch,,,,
Thomas,Laloux,Tom,Delreux,,,,
Lucy,Kinski,,,,,,
John,Wilkerson,Andreu,Casas,,,,
Justin,Murphy,Daniel,Devine,,,,
Loes,Aaldering,Daphne Joanna,van der Pas,,,,
Thomas,Meyer,Martin,Haselmayer,Markus,Wagner,,
Jane,Green,Will,Jennings,,,,
Andrew,Eggers,Arthur,Spirling,,,,
Christoffer,Green-Pedersen,Peter B.,Mortensen,Gunnar,Thesen,,
Sergi,Pardos-Prado,Inaki,Sagarzazu,,,,
James,Lo,Sven-Oliver,Proksch,Jonathan B.,Slapin,,
Kevin,Aslett,Nora Webb,Williams,Andreu,Casas,et,et al.
Iris,Hui,Nicola,Ulibarri,Bruce,Cain,,
Tevfik,Murat Yildirim,,,,,,
Fridolin,Linder,Bruce,Desmarais,Matthew,Burgess,,
Matt,Loftis,Peter B.,Mortensen,,,,
Melissa,Merry,,,,,,
Loren,Collingwood,Stephen Omar,El-Khatib,Benjamin Gonzalez,O'Brien,,
Stuart,Soroka,Christopher,Wlezien,,,,
Melissa,Merry,,,,,,
Madeline,Gottlieb,Ernst Bertone,Oehninger,Gwen,Arnold,,
Mark,McBeth,Donna L.,Lybecker,,,,
Aaron,Smith-Walter,,,,,,
Nicole,Kalaf-Hughes,Andrew R.,Kear,,,,
Adam,Hayes,Tyler A,Scott,,,,
Caroline,Schlaufer,,,,,,
Kuhika,Gupta,Joseph,Ripberger,Wesley,Wehde,,
Gwen,Arnold,Le,Le Anh Nguyen Long,Madeline,Gottlieb,,
Ana,Langer,Inaki,Sagarzazu,,,,
Melissa,Merry,,,,,,
Matthew,Nowlin,,,,,,
Peter,Mortensen,Henrik B.,Seeberg,,,,
Grace,Augustine,Brayden G.,King,,,,
Stefano,Pagliari,Meredith,Wilf,,,,
Adam,Chalmers,,,,,,
Roman,Senninger,Jens,Blom-Hansen,,,,
Tyler,Scott,Nicola,Ulibarri,Ryan P.,Scott,,
Benjamin,Bagozzi,Daniel,Berliner,Zack W.,Almquist,,
Mercy,DeMenno,,,,,,
Oliver,Fritsch,Jonathan C.,Kamkhaji,Claudio M.,Radaelli,,
Christine,Parker,Rachel,Carey,Josephine,De Costa,et,et al.
Elizabeth,Baldwin,,,,,,
Gary,Hollibaugh,,,,,,
L.,Anastasopoulos,Andrew B.,Whitford,,,,
Simon,Haeder,Susan Webb,Yackee,,,,
Martin,Baekgaard,Peter B.,Mortensen,Henrik Bech,Seeberg,,
Moshe,Maor,Raanan,Sulitzeanu-Kenan,,,,
Seunghoo,Lim,Frances S.,Berry,Keon-Hyung,Lee,,
Tobias,Widmann,,,,,,
Dominic,Stolerman,David,Lagnado,,,,
Margarida,Carmona,Denis,Sindic,"Rita, et al.",Guerra,,
Elena,Semenova,David G.,Winter,,,,
Cristina,Jayme Montiel,Joshua,Uyheng,,,,
Marija,Bekafigo,Elena V.,Stepanova,Brian A.,Eiler,et,et al.
Lindsay,Hahn,Ron,Tamborini,Eric,Novotny,et,et al.
Jennie,Portice,Stephen,Reicher,,,,
Ilka,Gleibs,Kristen,Hendricks,Tim,Kurz,,
Kevin,Jones,Sharareh,Noorbaloochi,John T.,Jost,et,et al.
Paula,Castro,Eunice,Seixas,Patricia,Neca,et,et al.
Maeva,Clement,Thomas,Lindemann,Eric,Sangar,,
Nicole,Fasel,Oriane,Sarrasin,Eva G. T.,Green,et,et al.
Sandra,Penic,Guy,Elcheroth,Stephen,Reicher,,
Alexander,Kentikelenis,Erik,Voeten,,,,
Arthur,Dyevre,Nicolas,Lannpach,,,,
Tim,Marple,,,,,,
Margaret,Roberts,Brandon M.,Stewart,Richard A.,Nielsen,,
Gary,King,Patrick,Lam,Margaret E.,Roberts,,
Blake,Miller,Fridolin,Linder,"Walter R., Jr.",Mebane,,
Charles,Chang,Michael,Masterson,,,,
Sven-Oliver,Proksch,Christopher,Wratil,Jens,Waeckerle,,
Erik,de Vries,Martijn,Schoonvelde,Gijs,Schumacher,,
Mickael,Temporao,Corentin,Vande Kerckhove,Clifton,van der Linden,et,et al.
Wouter,van Atteveldt,Tamir,Sheafer,Shaul R.,Shenhav,et,et al.
Kenneth,Benoit,Drew,Conway,Benjamin E.,Lauderdale,,
Michael,Pinggera,,,,,,
Iskander,De Bruycker,,,,,,
Anne,Binderkrantz,,,,,,
Silke,Adam,Beatrice,Eugster,Eva,Antl-Wittenberg,et,et al.
Erik,Baekkeskov,PerOla,Oberg,,,,
Luca,Bernardi,James,Adams,,,,
Simon,Weschle,,,,,,
Susan,Banducci,Heiko,Giebler,Sylvia,Kritzinger,,
Anne,Binderkrantz,Laura Chaques,Bonafont,Darren R.,Halpin,,
Zachary,Greene,Matthias,Haber,,,,
Andreas,Schuck,Rens,Vliegenthart,Claes H.,De Vreese,,
Zoltan,Fazekas,Erik Gahner,Larsen,,,,
Andreas,Schuck,Rens,Vliegenthart,Claes H.,De Vreese,,
Georg,Picot,Irene,Menendez,,,,
Achim,Kemmerling,,,,,,
Luis,Mejia,,,,,,
Nora,Dorrenbacher,Ellen,Mastenbroek,,,,
Shannon,Houck,"Lucian Gideon, III",Conway,,,,
John,Jost,Pablo,Barbera,Richard,Bonneau,et,et al.
Aleksandra,Cichocka,Michal,Bilewicz,John T.,Jost,et,et al.
Cristina,Montiel,Audris,Umel,Marlene,de Leon,,
Sami,Adwan,Daniel,Bar-Tal,Bruce E.,Wexler,,
Henning,Schmidtke,,,,,,
Zack,Zack W. Almquist,Benjamin,Benjamin E. Bagozzi,,,,
Christopher,Christopher A. Bail,Taylor,Taylor W. Brown,Marcus,Marcus Mann,,
Jaren,Jaren Haber,,,,,,
Susan,Susan Jia,,,,,,
Auston,Auston C. Kozlowski,Matt,Matt Taddy,James,James A. Evans,,
Andrew,Andrew Miles,Adrian,Adrian Leguina,,,,
Philipp,Philipp Poschmann,Jan,Jan Goldstein,,,,
Aaron,Aaron Reeves,Robert,Robert de Vries,,,,
Akos,Akos Rona-Tas,Antoine,Antoine Cornuejols,Sandrine,Sandrine Blanchemanche,1,1
S.,S. Garnett Russell,Julia,Julia C. Lerch,Christine,Christine Min Wotipka,,
Carsten,Carsten Schwemmer,Olivier,Olivier Wieczorek,,,,
Pauwe,Pauwe Berkers,Marc,Marc Verboord,Frank,Frank Weij,,
Anuoluwapo,Anuoluwapo Ajayi,Lukumon,Lukumon Oyedele,Hakeem,Hakeem Owolabi,1,1
Meysam,Meysam Alizadeh,Ingmar,Ingmar Weber,Claudio,Claudio Cioffi-Revilla,1,1
Sudeep,Sudeep Bhatia,Lukasz,Lukasz Walasek,Paul,Paul Slovic,1,1
Pete,Pete Burnap,Matthew,Matthew L Williams,,,,
Federica,Federica Calance,Luiza,Luiza Sayfulina,Lara,Lara Minkus,1,1
Matthew,Matthew Gentzkow,Jesse,Jesse M. Shapiro,Matt,Matt Taddy,,
Margot,Margot Hurlbert,Joyeeta,Joyeeta Gupta,,,,
Iliyan,Iliyan R. Iliev,Xin,Xin Huang,Yulia,Yulia R. Gel,,
Tara,Tara Kirk Sell,Crystal,Crystal Watson,Diane,Diane Meyer,1,1
Susan,Susan Mello,Robert,Robert C. Hornik,,,,
Ada,Ada Nowaka,Patrick,Patrick Smith,,,,
Max,Max Pellert,Simon,Simon Schweighofer,David,David Garcia,,
Andrew,Andrew J. Reagan,Christopher,Christopher M. Danforth,Brian,Brian Tivnan,1,1
Filipe,Filipe N Ribeiro,Matheus,Matheus Araujo,Pollyanna,Pollyanna Goncalves,1,1
Mirko,Mirko Ruzza,Barbara,Barbara Tiozzo,Valentina,Valentina Rizzoli,1,1
Ivan,Ivan Smirnov,,,,,,
Onur,Onur Varol,Emilio,Emilio Ferrara,Filippo,Filippo Menczer,1,1
Sarah,Sarah C. Vos,Jeannette,Jeannette Sutton,Yue,Yue Yu,1,1
Claudia,Claudia Wagner,Eduardo,Eduardo Graells-Garrido,David,David Garcia,1,1
Anna,Anna Samoilenko,Fariba,Fariba Karimi,Daniel,Daniel Edler,1,1
Christopher,Christopher D. Wirz,Michael,Michael A. Xenos,Dominique,Dominique Brossard,1,1
Svetlana,Svetlana Alexeeva,Natalia,Natalia Slioussar,Daria,Daria Chernova,,
Matthew,Matthew Andreotta,Robertus,Robertus Nugroho,Mark,Mark J. Hurlstone,1,1
Blair,Blair C. Armstrong,Camila,Camila Zugarramurdi,Alvaro,Alvaro Cabana,1,1
Jan,Jan Ketil Arnulf,Kai,Kai Rune Larsen,Oyvind,Oyvind Lund Martinsen,1,1
Roger,Roger E. Beaty,Dan,Dan R. Johnson,,,,
Mathieu,Mathieu Bernard,Roland,Roland Thiolliere,Amanda,Amanda Saksida,1,1
Reihane,Reihane Boghrati,Joe,Joe Hoover,Kate,Kate M. Johnson,1,1
Marianna,Marianna Bolognesi,Roosmaryn,Roosmaryn Pilgram,Romy,Romy van den Heerik,,
Marc,Marc Brysbaert,Paweł,Paweł Mandera,Samantha,Samantha F. McCormick,1,1
Ya-Ning,Ya-Ning Chang,Chia-Ying,Chia-Ying Lee,,,,
Scott,Scott A. Crossley,Kristopher,Kristopher Kyle,Danielle,Danielle S. McNamara,,
Scott,Scott A. Crossley,Kristopher,Kristopher Kyle,Danielle,Danielle S. McNamara,,
Scott,Scott A. Crossley,Kristopher,Kristopher Kyle,Mihai,Mihai Dascalu,,
Justin,Justin Garten,Joe,Joe Hoover,Kate,Kate M. Johnson,1,1
Geoff,Geoff Hollis,,,,,,
Ignace,Ignace T. C. Hooge,Diederick,Diederick C. Niehorster,Marcus,Marcus Nyström,1,1
Frederic,Frederic R. Hopp,Jacob,Jacob T. Fisher,Devin,Devin Cornell,1,1
Kristopher,Kristopher Kyle,Scott,Scott Crossley,Cynthia,Cynthia Berger,,
Ping,Ping Li,Benjamin,Benjamin Schloss,D.,D. Jake Follmer,,
Haiying,Haiying Li,Zhiqiang,Zhiqiang Cai,Arthur,Arthur C. Graesser,,
Ying,Ying Li,Tomas,Tomas Engelthaler,Cynthia,Cynthia S. Q. Siew,1,1
Matthew,Matthew D. Rocklage,Derek,Derek D. Rucker,Loran,Loran F. Nordgren,,
Hans,Hans Stadthagen-Gonzalez,Constance,Constance Imbault,Miguel,Miguel A. Perez Sanchez,1,1
Hans,Hans Stadthagen-Gonzalez,Pilar,Pilar Ferre,Miguel,Miguel A. Perez-Sanchez,1,1
Yao-Ting,Yao-Ting Sung,Tao-Hsing,Tao-Hsing Chang,Wei-Chun,Wei-Chun Lin,1,1
Arielle,Arielle Syssau,Adil,Adil Yakhloufi,Edouard,Edouard Giudicelli,1,1
Keisuke,Keisuke Takano,Mayumi,Mayumi Ueno,Jun,Jun Moriya,1,1
Menahem,Menahem Yeari,Paul,Paul van den Broek,,,,
Jennifer,Jennifer L. Bevan,Jimena,Jimena Galvan,Justin,Justin Villasenor,1,1
Patricia,Patricia A. Cavazos-Rehg,Melissa,Melissa J. Krauss,Shaina,Shaina Sowles,1,1
Hongying,Hongying Dai,Jianqiang,Jianqiang Hao,,,,
Paolo,Paolo Fornacciari,Monica,Monica Mordonini,Agostino,Agostino Poggi,1,1
Peter,Peter J. Franz,Erik,Erik C. Nook,Patrick,Patrick Mair,1,1
Abdelaziz,Abdelaziz Khaleda,Samir,Samir Ouchanib,Chemseddine,Chemseddine Chohra,,
Balazs,Balazs Kovacs,Adam,Adam M. Kleinbaum,,,,
Eva,Eva Lahuerta-Otero,Rebeca,Rebeca Cordero-Gutiérrez,,,,
Jamie,Jamie Mahoney,Effie,Effie Le Moignan,Kiel,Kiel Long,1,1
Michelle,Michelle P. Martin-Raugh,Patrick,Patrick C. Kyllonen,Jiangang,Jiangang Hao,1,1
Nicolae,Nicolae Nistor,Mihai,Mihai Dascaluc,Yvonne,Yvonne Serafind,1,1
Grant,Grant Packard,Jonah,Jonah Berger,,,,
Natalie,Natalie Pang,Pei,Pei Wen Law,,,,
Sejung,Sejung Park,Cynthia,Cynthia A. Hoffner,,,,
John,John Pestian,Daniel,Daniel Santel,Michael,Michael Sorter,1,1
Carmina,Carmina Rodriguez-Hidalgo,Ed,Ed S.H. Tan,Peeter,Peeter W.J. Verlegh,,
Dana,Dana Ruggiero,Laura,Laura Green,,,,
Yuan,Yuan Wang,Yiyi,Yiyi Yan,,,,
Qingyuan,Qingyuan Zhou,Zheng,Zheng Xu,Neil,Neil Y. Yen,,
Manuel,Manuel Gimenes,Boris,Boris New,,,,
Jeroen,Jeroen van Paridon,Bill,Bill Thompson,,,,
Saifuddin,Saifuddin Ahmed,Kokil,Kokil Jaidka,Jaeho,Jaeho Cho,,
Moonhee,Moonhee Cho,Gawon,Gawon Kim,,,,
Dong,Dong Hong Zhu,Zhen,Zhen Qi Ye,Ya,Ya Ping Chang,,
Sigal,Segev,Juliana,Fernandes,Cheng,Hong,,
Micael,Dahlen,Sara,Rosengren,,,,
Chingching,Chang,,,,,,
Xia,Liu,Alvin C.,Burns,Yingjian,Hou,,
Fu,Guo,Guoquan,Ye,Liselot,Hudders,et,et al.
Terri,Chan,Caleb H.,Tse,Kineta,Hung,,
Eirini,Tsichla,Yorgos,Zotos,,,,
Yang,Feng,Jiwoo,Park,,,,
Marko,Sarstedt,Paul,Bengart,Abdel Monim,Shaltoni,et,et al.
Brigitte,Naderer,Joerg,Matthes,Ines,Spielvogel,,
Lotte,Willemsen,Komala,Mazerant,Anne-Lise,Kamphuis,et,et al.
Moon,Kang,Yonglim,Choi,Jeonghye,Choi,,
Lars,Bergkvist,Tobias,Langner,,,,
May,Lwin,Andrew Z. H.,Yee,Jerrald,Lau,et,et al.
Naveen,Donthu,Satish,Kumar,Debidutta,Pattnaik,,
Saif,Shahin,,,,,,
Florian,Arendt,Narin,Karadas,,,,
Fabienne,Lind,Maria,Gruber,Hajo G.,Boomgaarden,,
Claes,De Vreese,Mark,Boukes,Andreas,Schuck,et,et al.
Daniel,Maier,A.,Waldherr,P.,Miltner,et,et al.
K.,Kwon,J. Hunter,Priniski,Monica,Chadha,,
Rene,Weber,J. Michael,Mangus,Richard,Huskey,et,et al.
Elena,Rudkowsky,Martin,Haselmayer,Matthias,Wastian,et,et al.
Tom,Nicholls,Jonathan,Bright,,,,
Yair,Fogel-Dror,Shaul R.,Shenhav,Tamir,Sheafer,et,et al.
Dror,Walter,Yotam,Ophir,,,,
Andrew,Pilny,Kelly,McAninch,Amanda,Slone,et,et al.
Mark,Boukes,Bob,van de Velde,Theo,Araujo,et,et al.
Christian,Baden,Neta,Kligler-Vilenchik,Moran,Yarchi,,
Nicole,Hartnett,Rachel,Kennedy,Byron,Sharp,et,et al.
Ueli,Reber,,,,,,
Bastiaan,Bruinsma,Kostas,Gemenis,,,,
